FullName,Email,Phone,Birthdate
Venti Barbatos,venti@gmail.com,09111111111,16-06-1910
Zhongli Morax,zhongli@gmail.com,0922222222,31-12-1900
Raiden Shogun,raiden@gmail.com,09333333333,26-06-1920
Nahida Kusanali,nahida@gmail.com,09444444444,27-10-1925
Furina De Fontaine,furina@gmail.com,09555555555,13-10-1925
Mavuika Murata,mavuika@gmail.com,09666666666,28-08-1920
Hu Tao,hutao@gmail.com,09777777777,15-07-2002
Kaveh Arki,kaveh@gmail.com,09888888888,09-07-2002
Al Haitham,alhaitham@gmail.com,09999999999,11-02-2000
Aether Traveller,aether@gmail.com,09773453456,03-07-2003
Albedo Kreideprinz,albedo@gmail.com,09566874231,13-09-1995
Aloy Savior,aloy@gmail.com,09863314521,04-04-1999
Amber Outrider,amber@gmail.com,09175556337,10-08-2002
Arataki Itto,itto@gmail.com,09998877445,01-06-1982
Arlecchino Peruere,arlecchino@gmail.com,09636456987,22-08-1967
Baizhu Bubu,baizhu@gmail.com,09556337152,25-04-1988
Barbara Pegg,barbara@gmail.com,09143217888,05-07-2003
Beidou Crux,beidou@gmail.com,09222365774,14-02-1975
Bennett Bouken,bennet@gmail.com,09636345452,29-02-2004
Candace Al-Ahmar,candace@gmail.com,0909522754,03-05-1999
Charlotte Steambird,charlotte@gmail.com,09555542111,10-04-2001
Chasca Vuka,chasca@gmail.com,09366251147,10-12-1989
Chevreuse Maison,chevreuse@gmail.com,09088523467,10-01-2000
Chiori Chioriya,chiori@gmail.com,09352247786,17-08-1991
Chongyun Exorcist,chongyun@gmail.com,09221144536,07-09-2003
Citlali Granny,citlali@gmail.com,09552336477,20-01-1930
Clorinde Duelist,clorinde@gmail.com,09577413688,20-09-1997
Collei Flower,collei@gmail.com,09235997111,08-05-2006
Cyno Mahamatra,cyno@gmail.com,09874511223,23-06-1993
Dahlia Twink,dahlia@gmail.com,09863657412,25-05-2001
Dehya Eremite,dehya@gmail.com,09044587923,07-04-1995
Diluc Ragnvindr,diluc@gmail.com,09171234567,30-04-1987
Diona Katzlein,diona@gmail.com,09987654321,18-01-2008
Dori Sangemah Bay,dori@gmail.com,09085551212,21-12-2007
Emilie Gardiennage,emilie@gmail.com,09228765432,22-09-1985
Escoffier Debord,escoffier@gmail.com,09331112233,08-06-1998
Eula Lawrence,eula@gmail.com,09459876543,25-10-1993
Faruzan Granny,faruzan@gmail.com,09662345678,20-08-1930
Fischl von Luftschloss Narfidort,fischl@gmail.com,09773456789,27-05-2004
Freminet Tidalga,freminet@gmail.com,09179990000,24-09-2005
Yip Gaming,gaming@gmail.com,09981239876,22-12-2000
Ganyu Qilin,ganyu@gmail.com,09082348765,02-12-1957
General Gorou,gorou@gmail.com,09223457654,18-05-1990
Iansan Uwezo,iansan@gmail.com,09334566543,08-08-2008
Ifa Cacucu,ifa@gmail.com,09455675432,23-03-1988
Jean Gunnhildr,jean@gmail.com,09666784321,14-03-1999
Kachina Uthabiti,kachina@gmail.com,09777893210,22-04-2009
Kaedehara Kazuha,kazuha@gmail.com,09178901234,29-10-2001
Kaeya Alberich,kaeya@gmail.com,09980123456,30-11-1983
Kamisato Ayaka,ayaka@gmail.com,09081234567,28-09-1999
Kamisato Ayato,ayato@gmail.com,09222345678,26-03-1990
Keqing Qixing,keqing@gmail.com,09333456789,20-11-1992
Kinich Malipo,kinich@gmail.com,09454567890,11-11-1996
Kirara Neko,kirara@gmail.com,09665678901,22-01-1969
Klee Bakudan,klee@gmail.com,09776789012,27-07-2010
Kujou Sara,sara@gmail.com,09177890123,14-07-1989
Kuki Shinobu,kuki@gmail.com,09988901234,27-07-1997
Lan Yan,lanyan@gmail.com,09988901234,06-01-1999
Layla Rtawahist,layla@gmail.com,09220123456,19-12-1986
Lisa Minci,lisa@gmail.com,09331234567,09-06-1971
Lumine Traveller,lumine@gmail.com,09662342345,03-07-2003
Lynette Hearth,lynette@gmail.com,09452345678,02-02-2000
Lyney Hearth,lyney@gmail.com,09663456789,02-02-2000
Mika Schmidt,mika@gmail.com,09774567890,11-08-2005
Astrologist Mona Megistus,mona@gmail.com,09175678901,31-08-1984
Mualani Umoja,mualani@gmail.com,09986789012,03-08-1999
Navia Caspar,navia@gmail.com,09087890123,16-08-1997
Iudex Neuvillette,neuvillette@gmail.com,09228901234,18-12-1941
Nilou Zubayr,nilou@gmail.com,09339012345,03-12-2002
Ningguang Tianquan,ningguang@gmail.com,09450123456,26-08-1987
Noelle Maid,noelle@gmail.com,09661234567,21-03-2002
Ororon Bidii,ororon@gmail.com,09772345678,14-10-1989
Qiqi Zombie,qiqi@gmail.com,09173456789,03-03-1950
Razor Wolf,razor@gmail.com,09984567890,09-09-2004
Sister Rosaria,rosaria@gmail.com,09085678901,24-01-1980
Sangonomiya Kokomi,kokomi@gmail.com,09226789012,22-02-1990
Sayu Ninja,sayu@gmail.com,09337890123,19-10-2006
Sethos Hermanubis,sethos@gmail.com,09458901234,31-05-1996
Shenhe Exorcist,shenhe@gmail.com,09669012345,10-03-1983
Shikanoin Heizou,heizou@gmail.com,09770123456,24-07-2003
Sigewinne Melusine,sigewinne@gmail.com,09171112222,30-03-2009
Skirk Yeet,skirk@gmail.com,09983334444,05-11-1952
Sucrose Alchemist,sucrose@gmail.com,09085556666,26-11-2002
Tartaglia Childe,childe@gmail.com,09227778888,20-07-1988
Thoma Malewife,thoma@gmail.com,09339990000,09-01-1997
Tighnari Ranger,tighnari@gmail.com,09451231234,29-12-1998
Varesa Moo,varesa@gmail.com,09174564567,15-11-1999
Wanderer Scaramouche,scara@gmail.com,09985675678,03-01-1984
Wriothesley Meropide,wriothesley@gmail.com,09086786789,23-11-1986
Xiangling Wanmin,xiangling@gmail.com,09227897890,02-11-2005
Xianyun Cloud Retainer,xianyun@gmail.com,09338908901,11-04-1919
Xiao Yaksha,xiao@gmail.com,09459019012,17-04-1929
Xilonen Baraka,xilonen@gmail.com,09660120123,13-03-1973
Xingqiu Guhua,xingqiu@gmail.com,09771231234,09-10-2004
Xinyan Rockstar,xinyan@gmail.com,09172342345,16-10-2002
Guuji Yae Miko,yaemiko@gmail.com,09983453456,27-06-1958
Attorney Yanfei,yanfei@gmail.com,09084564567,28-07-1977
Yaoyao Yuegui,yaoyao@gmail.com,09225675678,06-03-2011
Yelan Yanshang,yelan@gmail.com,09336786789,20-04-1985
Naganohara Yoimiya,yoimiya@gmail.com,09855637752,21-06-1996
Yumemizuki Mizuki,mizuki@gmail.com,09457897890,16-03-1969
Yun Jin,yunjin@gmail.com,09636547821,21-05-2003
